model,MAE,RMSE,MAPE_pct
"ARIMA(0, 1, 0)",64.85456827514518,81.52640927111777,20.494705830829556
LSTM(60d window),37.046871185302734,43.125892639160156,9.529414176940918
